file,line,reference,status
ui/audio_manager.gd,53,MusicSliderController.c,FILE_EXISTS_BODY_UNVERIFIED
ui/audio_manager.gd,54,SoundSliderController.c,FILE_EXISTS_BODY_UNVERIFIED
ui/begin_guide_bar.gd,150,Datapool.c,FILE_EXISTS_BODY_UNVERIFIED
ui/cached_events_view.gd,6,GameController.c,FILE_EXISTS_BODY_UNVERIFIED
ui/cached_events_view.gd,42,Shaker.c,FILE_EXISTS_BODY_UNVERIFIED
ui/cached_events_view.gd,58,GameController.c,FILE_EXISTS_BODY_UNVERIFIED
ui/cached_events_view.gd,78,GameController.c,FILE_EXISTS_BODY_UNVERIFIED
ui/cached_events_view.gd,185,Shaker.c,FILE_EXISTS_BODY_UNVERIFIED
ui/cached_events_view.gd,220,Shaker.c,FILE_EXISTS_BODY_UNVERIFIED
ui/cached_events_view.gd,234,Shaker.c,FILE_EXISTS_BODY_UNVERIFIED
ui/card_info_view.gd,10,CardInfoNewController.c,FILE_EXISTS_BODY_UNVERIFIED
ui/card_widget.gd,10,CardController.c,FILE_EXISTS_BODY_UNVERIFIED
ui/card_widget.gd,11,HandBagController.c,FILE_EXISTS_BODY_UNVERIFIED
ui/card_widget.gd,35,CardController.c,FILE_EXISTS_BODY_UNVERIFIED
ui/change_name_view.gd,6,PromptChangeNameController.c,FILE_EXISTS_BODY_UNVERIFIED
ui/credits_controller.gd,4,CreditsController.c,FILE_EXISTS_BODY_UNVERIFIED
ui/credits_group.gd,2,CreditsGroup.c,FILE_EXISTS_BODY_UNVERIFIED
ui/credits_group.gd,15,CreditsGroup.c,FILE_EXISTS_BODY_UNVERIFIED
ui/credits_member.gd,3,CreditsMember.c,FILE_EXISTS_BODY_UNVERIFIED
ui/credits_page.gd,2,CreditsPage.c,FILE_EXISTS_BODY_UNVERIFIED
ui/credits_page_contributor.gd,2,CreditsPageContributor.c,FILE_EXISTS_BODY_UNVERIFIED
ui/credits_page_developer.gd,3,CreditsPageDeveloper.c,FILE_EXISTS_BODY_UNVERIFIED
ui/credits_page_thanks.gd,4,CreditsPageThanks.c,FILE_EXISTS_BODY_UNVERIFIED
ui/esc_game_panel.gd,6,ESCGameController.c,FILE_EXISTS_BODY_UNVERIFIED
ui/event_prompt_view.gd,340,OptionController.c,FILE_EXISTS_BODY_UNVERIFIED
ui/event_prompt_view.gd,423,ConfirmController.c,FILE_EXISTS_BODY_UNVERIFIED
ui/event_prompt_view.gd,432,OptionController.__c__DisplayClass11_1.c,FILE_EXISTS_BODY_UNVERIFIED
ui/event_prompt_view.gd,444,OptionItemController.c,FILE_EXISTS_BODY_UNVERIFIED
ui/event_prompt_view.gd,445,OptionController.__c__DisplayClass11_0.c,FILE_EXISTS_BODY_UNVERIFIED
ui/event_prompt_view.gd,454,OptionController.c,FILE_EXISTS_BODY_UNVERIFIED
ui/gallery_card_info.gd,2,GalleryCardInfo.c,FILE_EXISTS_BODY_UNVERIFIED
ui/game.gd,151,GameController.__c__DisplayClass141_0.c,FILE_EXISTS_BODY_UNVERIFIED
ui/game.gd,164,StartController.c,FILE_EXISTS_BODY_UNVERIFIED
ui/game.gd,253,RitePanelController.__c__DisplayClass34_0.c,FILE_EXISTS_BODY_UNVERIFIED
ui/game.gd,394,ESCGameController.c,FILE_EXISTS_BODY_UNVERIFIED
ui/game.gd,402,ESCGameController.c,FILE_EXISTS_BODY_UNVERIFIED
ui/game.gd,476,RiteResultPanelController.c,FILE_EXISTS_BODY_UNVERIFIED
ui/game.gd,513,GameController.c,FILE_EXISTS_BODY_UNVERIFIED
ui/game.gd,518,GameController.c,FILE_EXISTS_BODY_UNVERIFIED
ui/game.gd,537,WizardController.c,FILE_EXISTS_BODY_UNVERIFIED
ui/game.gd,547,GameController.c,FILE_EXISTS_BODY_UNVERIFIED
ui/game_application_settings.gd,6,GameApplication.c,FILE_EXISTS_BODY_UNVERIFIED
ui/game_over.gd,5,OverNewController.c,FILE_EXISTS_BODY_UNVERIFIED
ui/game_over.gd,7,OverNewStep1Controller.c,FILE_EXISTS_BODY_UNVERIFIED
ui/game_over.gd,8,OverNewStep3Controller.c,FILE_EXISTS_BODY_UNVERIFIED
ui/game_screen.gd,502,GameController.c,FILE_EXISTS_BODY_UNVERIFIED
ui/game_screen.gd,535,GameController.c,FILE_EXISTS_BODY_UNVERIFIED
ui/game_screen.gd,977,GameController.c,FILE_EXISTS_BODY_UNVERIFIED
ui/game_screen.gd,987,GameController.c,FILE_EXISTS_BODY_UNVERIFIED
ui/game_screen.gd,1068,HandCardsController.c,FILE_EXISTS_BODY_UNVERIFIED
ui/game_screen.gd,2050,GameController.c,FILE_EXISTS_BODY_UNVERIFIED
ui/game_screen.gd,2050,CardInfoNewController.c,FILE_EXISTS_BODY_UNVERIFIED
ui/game_screen.gd,2056,CardInfoNewController.c,FILE_EXISTS_BODY_UNVERIFIED
ui/game_screen.gd,2083,CardInfoNewController.c,FILE_EXISTS_BODY_UNVERIFIED
ui/main_menu.gd,129,SetDifficulty.c,FILE_EXISTS_BODY_UNVERIFIED
ui/map_controller.gd,39,RitePosition.c,FILE_EXISTS_BODY_UNVERIFIED
ui/map_controller.gd,69,MapController.c,FILE_EXISTS_BODY_UNVERIFIED
ui/map_controller.gd,70,LineController.c,FILE_EXISTS_BODY_UNVERIFIED
ui/map_controller.gd,96,LocationController.c,FILE_EXISTS_BODY_UNVERIFIED
ui/map_controller.gd,309,MapController.c,FILE_EXISTS_BODY_UNVERIFIED
ui/map_controller.gd,490,MapController.c,FILE_EXISTS_BODY_UNVERIFIED
ui/map_controller.gd,590,LineController.c,FILE_EXISTS_BODY_UNVERIFIED
ui/map_controller.gd,591,BezierCurveGenerator.c,FILE_EXISTS_BODY_UNVERIFIED
ui/map_controller.gd,615,BezierCurveGenerator.c,FILE_EXISTS_BODY_UNVERIFIED
ui/map_controller.gd,640,GameController.c,FILE_EXISTS_BODY_UNVERIFIED
ui/map_controller.gd,640,RiteController.c,FILE_EXISTS_BODY_UNVERIFIED
ui/map_controller.gd,834,GameController.c,FILE_EXISTS_BODY_UNVERIFIED
ui/map_controller.gd,835,RiteController.c,FILE_EXISTS_BODY_UNVERIFIED
ui/map_controller.gd,836,LocationController.c,FILE_EXISTS_BODY_UNVERIFIED
ui/map_controller.gd,837,RitePosition.c,FILE_EXISTS_BODY_UNVERIFIED
ui/map_controller.gd,861,RiteController.c,FILE_EXISTS_BODY_UNVERIFIED
ui/map_controller.gd,862,RitePosition.c,FILE_EXISTS_BODY_UNVERIFIED
ui/map_controller.gd,899,MapController.c,FILE_EXISTS_BODY_UNVERIFIED
ui/map_controller.gd,982,GameController.c,FILE_EXISTS_BODY_UNVERIFIED
ui/map_controller.gd,982,RitePosition.c,FILE_EXISTS_BODY_UNVERIFIED
ui/over_new_after_story_item.gd,2,OverNewAfterStoryItemController.c,FILE_EXISTS_BODY_UNVERIFIED
ui/over_new_step2_story.gd,2,OverNewStep2StoryController.c,FILE_EXISTS_BODY_UNVERIFIED
ui/over_new_step2_story.gd,3,_Init_d__27.c,MISSING_FILE_NEEDS_REVIEW
ui/point_shop_controller.gd,6,PointShopController.c,FILE_EXISTS_BODY_UNVERIFIED
ui/point_shop_item_controller.gd,5,PointShopItemController.c,FILE_EXISTS_BODY_UNVERIFIED
ui/point_shop_item_controller.gd,97,PointShopItemController.c,FILE_EXISTS_BODY_UNVERIFIED
ui/rite_view.gd,6,CardController.c,FILE_EXISTS_BODY_UNVERIFIED
ui/rite_view.gd,15,RiteResultDiceCountPromptController.c,FILE_EXISTS_BODY_UNVERIFIED
ui/rite_view.gd,239,RitePanelShowController.c,FILE_EXISTS_BODY_UNVERIFIED
ui/rite_view.gd,398,RiteResultPanelController.c,FILE_EXISTS_BODY_UNVERIFIED
ui/rite_view.gd,444,RiteResultPanelController.c,FILE_EXISTS_BODY_UNVERIFIED
ui/rite_view.gd,451,RiteResultPanelController.c,FILE_EXISTS_BODY_UNVERIFIED
ui/rite_view.gd,461,RiteResultPanelController.c,FILE_EXISTS_BODY_UNVERIFIED
ui/rite_view.gd,509,ScrollViewTextController.c,FILE_EXISTS_BODY_UNVERIFIED
ui/rite_view.gd,510,RiteResultPanelController.c,FILE_EXISTS_BODY_UNVERIFIED
ui/rite_view.gd,549,RiteResultPanelController.c,FILE_EXISTS_BODY_UNVERIFIED
ui/rite_view.gd,656,RiteResultDiceCountPromptController.c,FILE_EXISTS_BODY_UNVERIFIED
ui/rite_view.gd,926,RiteResultPanelController.c,FILE_EXISTS_BODY_UNVERIFIED
ui/rite_view.gd,1012,RiteExtensions.c,FILE_EXISTS_BODY_UNVERIFIED
ui/rite_view.gd,1013,GameController.c,FILE_EXISTS_BODY_UNVERIFIED
ui/rite_view.gd,1026,RiteExtensions.c,FILE_EXISTS_BODY_UNVERIFIED
ui/rite_view.gd,1124,RitePanelController.c,FILE_EXISTS_BODY_UNVERIFIED
ui/rite_view.gd,1125,GameController.c,FILE_EXISTS_BODY_UNVERIFIED
ui/rite_view.gd,1128,RitePanelController.c,FILE_EXISTS_BODY_UNVERIFIED
ui/rite_view.gd,1135,GameController.c,FILE_EXISTS_BODY_UNVERIFIED
ui/rite_view.gd,1164,RiteResultDiceCountPromptController.c,FILE_EXISTS_BODY_UNVERIFIED
ui/rite_view.gd,1194,FuncCompare.c,FILE_EXISTS_BODY_UNVERIFIED
ui/rite_view.gd,1219,RiteResultPanelController.c,FILE_EXISTS_BODY_UNVERIFIED
ui/rite_view.gd,1220,RiteResultPanelController.__c__DisplayClass56_0.c,FILE_EXISTS_BODY_UNVERIFIED
ui/rite_view.gd,1221,RiteResultDiceCountPromptController.c,FILE_EXISTS_BODY_UNVERIFIED
ui/rite_view.gd,1295,RiteResultPanelController.c,FILE_EXISTS_BODY_UNVERIFIED
ui/rite_view.gd,1368,RiteExtensions.c,FILE_EXISTS_BODY_UNVERIFIED
ui/rite_view.gd,1384,RitePanelController.c,FILE_EXISTS_BODY_UNVERIFIED
ui/rite_view.gd,1429,RitePanelController.c,FILE_EXISTS_BODY_UNVERIFIED
ui/rite_view.gd,1703,RiteExtensions.c,FILE_EXISTS_BODY_UNVERIFIED
ui/rite_view.gd,1885,RitePanelShowController.c,FILE_EXISTS_BODY_UNVERIFIED
ui/story_controller.gd,4,StoryController.c,FILE_EXISTS_BODY_UNVERIFIED
ui/story_item_controller.gd,3,StoryItemController.c,FILE_EXISTS_BODY_UNVERIFIED
ui/story_notify_controller.gd,2,StoryNotifyController.c,FILE_EXISTS_BODY_UNVERIFIED
ui/story_target_item_controller.gd,2,StoryTargetItemController.c,FILE_EXISTS_BODY_UNVERIFIED
ui/user_archive_panel.gd,9,UserArchiveController.c,FILE_EXISTS_BODY_UNVERIFIED
ui/user_archive_panel.gd,11,UserArchiveItemController.c,FILE_EXISTS_BODY_UNVERIFIED
ui/user_archive_panel.gd,12,UserArchiveNameInputController.c,FILE_EXISTS_BODY_UNVERIFIED
ui/user_archive_panel.gd,263,UserArchiveItemController.c,FILE_EXISTS_BODY_UNVERIFIED
sim/card_instance.gd,3,CardExtensions.c,FILE_EXISTS_BODY_UNVERIFIED
sim/card_instance.gd,4,RiteExtensions.c,FILE_EXISTS_BODY_UNVERIFIED
sim/card_instance.gd,15,GameController.c,FILE_EXISTS_BODY_UNVERIFIED
sim/card_instance.gd,23,OperationContext.c,FILE_EXISTS_BODY_UNVERIFIED
sim/card_instance.gd,24,ChangeCardName.__c__DisplayClass7_0.c,MISSING_FILE_NEEDS_REVIEW
sim/card_instance.gd,25,Card.c,FILE_EXISTS_BODY_UNVERIFIED
sim/card_instance.gd,34,CardExtensions.c,FILE_EXISTS_BODY_UNVERIFIED
sim/card_instance.gd,35,GameController.c,FILE_EXISTS_BODY_UNVERIFIED
sim/card_instance.gd,46,HasTagTips.c,FILE_EXISTS_BODY_UNVERIFIED
sim/condition.gd,41,HasUnlockUpgrade.c,FILE_EXISTS_BODY_UNVERIFIED
sim/condition.gd,55,HasOverId.c,FILE_EXISTS_BODY_UNVERIFIED
sim/condition.gd,56,Datapool.c,FILE_EXISTS_BODY_UNVERIFIED
sim/condition.gd,102,CanLoot.c,FILE_EXISTS_BODY_UNVERIFIED
sim/condition.gd,138,ConditionManager.c,FILE_EXISTS_BODY_UNVERIFIED
sim/condition.gd,143,RiteEnd.c,FILE_EXISTS_BODY_UNVERIFIED
sim/condition.gd,162,HasRite.c,FILE_EXISTS_BODY_UNVERIFIED
sim/condition.gd,163,IsRiteId.c,FILE_EXISTS_BODY_UNVERIFIED
sim/condition.gd,172,HasTagTips.c,FILE_EXISTS_BODY_UNVERIFIED
sim/condition.gd,272,HasCounter.c,FILE_EXISTS_BODY_UNVERIFIED
sim/condition.gd,273,Compare.c,FILE_EXISTS_BODY_UNVERIFIED
sim/condition.gd,318,FuncCompare.c,FILE_EXISTS_BODY_UNVERIFIED
sim/condition.gd,343,FuncCompare.c,FILE_EXISTS_BODY_UNVERIFIED
sim/condition.gd,378,FuncCompare.c,FILE_EXISTS_BODY_UNVERIFIED
sim/condition.gd,573,HasTagTips.c,FILE_EXISTS_BODY_UNVERIFIED
sim/condition.gd,626,OperationFilter.c,FILE_EXISTS_BODY_UNVERIFIED
sim/condition.gd,735,BaseHaveCardCount.c,FILE_EXISTS_BODY_UNVERIFIED
sim/condition.gd,737,HaveCardCount.c,FILE_EXISTS_BODY_UNVERIFIED
sim/condition.gd,738,HandHaveCardCount.c,FILE_EXISTS_BODY_UNVERIFIED
sim/condition.gd,738,TableHaveCardCount.c,FILE_EXISTS_BODY_UNVERIFIED
sim/condition.gd,739,RiteHaveCardCount.c,FILE_EXISTS_BODY_UNVERIFIED
sim/condition.gd,831,RiteHaveCardCount.c,FILE_EXISTS_BODY_UNVERIFIED
sim/condition.gd,879,SudanPoolHaveCardCount.c,FILE_EXISTS_BODY_UNVERIFIED
sim/condition.gd,895,IsCardId.c,FILE_EXISTS_BODY_UNVERIFIED
sim/deferred_effects.gd,51,DoBackToPrevRoundEnd.c,FILE_EXISTS_BODY_UNVERIFIED
sim/deferred_effects.gd,52,DoBackToRoundBegin.c,FILE_EXISTS_BODY_UNVERIFIED
sim/deferred_effects.gd,98,StartRite.c,FILE_EXISTS_BODY_UNVERIFIED
sim/deferred_effects.gd,114,Confirm.c,FILE_EXISTS_BODY_UNVERIFIED
sim/deferred_effects.gd,120,SetDifficulty.c,FILE_EXISTS_BODY_UNVERIFIED
sim/deferred_effects.gd,240,GenLoot.c,FILE_EXISTS_BODY_UNVERIFIED
sim/deferred_effects.gd,244,GenLoot.c,FILE_EXISTS_BODY_UNVERIFIED
sim/event_runtime.gd,8,EventTrigger.c,FILE_EXISTS_BODY_UNVERIFIED
sim/event_runtime.gd,9,EventTriggerExtensions.c,FILE_EXISTS_BODY_UNVERIFIED
sim/event_runtime.gd,20,TimingRoundBase.c,FILE_EXISTS_BODY_UNVERIFIED
sim/event_runtime.gd,51,EventOn.__c__DisplayClass2_0.c,FILE_EXISTS_BODY_UNVERIFIED
sim/event_runtime.gd,107,EventOff.c,FILE_EXISTS_BODY_UNVERIFIED
sim/event_runtime.gd,107,EventTrigger.c,FILE_EXISTS_BODY_UNVERIFIED
sim/event_runtime.gd,107,TimingRoundBase.c,FILE_EXISTS_BODY_UNVERIFIED
sim/event_runtime.gd,124,TimingRoundBase.c,FILE_EXISTS_BODY_UNVERIFIED
sim/event_runtime.gd,134,TimingRoundBase.c,FILE_EXISTS_BODY_UNVERIFIED
sim/event_runtime.gd,154,TimingRoundBase.c,FILE_EXISTS_BODY_UNVERIFIED
sim/event_runtime.gd,179,GameEnd.c,FILE_EXISTS_BODY_UNVERIFIED
sim/game_state.gd,46,GenCoin.c,FILE_EXISTS_BODY_UNVERIFIED
sim/game_state.gd,62,GameController.c,FILE_EXISTS_BODY_UNVERIFIED
sim/game_state.gd,82,PlayerExtensions.c,FILE_EXISTS_BODY_UNVERIFIED
sim/game_state.gd,97,PlayerExtensions.c,FILE_EXISTS_BODY_UNVERIFIED
sim/game_state.gd,100,GameController.c,FILE_EXISTS_BODY_UNVERIFIED
sim/game_state.gd,118,PlayerExtensions.c,FILE_EXISTS_BODY_UNVERIFIED
sim/game_state.gd,126,GameController.c,FILE_EXISTS_BODY_UNVERIFIED
sim/game_state.gd,137,StartRite.c,FILE_EXISTS_BODY_UNVERIFIED
sim/game_state.gd,145,PlayerExtensions.c,FILE_EXISTS_BODY_UNVERIFIED
sim/game_state.gd,161,RiteEnd.c,FILE_EXISTS_BODY_UNVERIFIED
sim/game_state.gd,170,DelayOperations.c,FILE_EXISTS_BODY_UNVERIFIED
sim/game_state.gd,219,GameController.c,FILE_EXISTS_BODY_UNVERIFIED
sim/game_state.gd,221,DatapoolExtensions.c,FILE_EXISTS_BODY_UNVERIFIED
sim/game_state.gd,227,RitePanelController.c,FILE_EXISTS_BODY_UNVERIFIED
sim/game_state.gd,234,CardExtensions.c,FILE_EXISTS_BODY_UNVERIFIED
sim/game_state.gd,235,Player.c,FILE_EXISTS_BODY_UNVERIFIED
sim/game_state.gd,236,PlayerExtensions.c,FILE_EXISTS_BODY_UNVERIFIED
sim/game_state.gd,241,GameController.c,FILE_EXISTS_BODY_UNVERIFIED
sim/game_state.gd,242,PlayerExtensions.c,FILE_EXISTS_BODY_UNVERIFIED
sim/game_state.gd,249,PlayerExtensions.c,FILE_EXISTS_BODY_UNVERIFIED
sim/game_state.gd,258,PlayerExtensions.c,FILE_EXISTS_BODY_UNVERIFIED
sim/game_state.gd,258,StartRite.c,FILE_EXISTS_BODY_UNVERIFIED
sim/game_state.gd,259,GameController.c,FILE_EXISTS_BODY_UNVERIFIED
sim/game_state.gd,266,Player.c,FILE_EXISTS_BODY_UNVERIFIED
sim/game_state.gd,267,GameController.c,FILE_EXISTS_BODY_UNVERIFIED
sim/game_state.gd,279,PlayerExtensions.c,FILE_EXISTS_BODY_UNVERIFIED
sim/game_state.gd,286,BeginGuideController.c,FILE_EXISTS_BODY_UNVERIFIED
sim/game_state.gd,287,CloseBeginGuide.c,FILE_EXISTS_BODY_UNVERIFIED
sim/game_state.gd,293,GameController.c,FILE_EXISTS_BODY_UNVERIFIED
sim/game_state.gd,294,GameOver.c,FILE_EXISTS_BODY_UNVERIFIED
sim/game_state.gd,301,MapController.c,FILE_EXISTS_BODY_UNVERIFIED
sim/game_state.gd,302,GameController.c,FILE_EXISTS_BODY_UNVERIFIED
sim/game_state.gd,303,GameController.__c__DisplayClass142_0.c,FILE_EXISTS_BODY_UNVERIFIED
sim/game_state.gd,343,CardExtensions.c,FILE_EXISTS_BODY_UNVERIFIED
sim/game_state.gd,343,PlayerExtensions.c,FILE_EXISTS_BODY_UNVERIFIED
sim/game_state.gd,453,CardExtensions.c,FILE_EXISTS_BODY_UNVERIFIED
sim/game_state.gd,575,CardExtensions.c,FILE_EXISTS_BODY_UNVERIFIED
sim/game_state.gd,576,CardController.c,FILE_EXISTS_BODY_UNVERIFIED
sim/game_state.gd,762,Datapool.c,FILE_EXISTS_BODY_UNVERIFIED
sim/game_state.gd,763,PlayerExtensions.c,FILE_EXISTS_BODY_UNVERIFIED
sim/game_state.gd,772,PlayerExtensions.c,FILE_EXISTS_BODY_UNVERIFIED
sim/game_state.gd,781,GameController.c,FILE_EXISTS_BODY_UNVERIFIED
sim/game_state.gd,810,Datapool.c,FILE_EXISTS_BODY_UNVERIFIED
sim/game_state.gd,827,TimingRoundBase.c,FILE_EXISTS_BODY_UNVERIFIED
sim/game_state.gd,828,GameController.__c__DisplayClass141_0.c,FILE_EXISTS_BODY_UNVERIFIED
sim/game_state.gd,866,PlayerExtensions.c,FILE_EXISTS_BODY_UNVERIFIED
sim/game_state.gd,876,PlayerExtensions.c,FILE_EXISTS_BODY_UNVERIFIED
sim/game_state.gd,876,GameController.c,FILE_EXISTS_BODY_UNVERIFIED
sim/game_state.gd,877,GameController.__c__DisplayClass243_0.c,FILE_EXISTS_BODY_UNVERIFIED
sim/game_state.gd,883,PlayerExtensions.c,FILE_EXISTS_BODY_UNVERIFIED
sim/game_state.gd,902,SetDifficulty.c,FILE_EXISTS_BODY_UNVERIFIED
sim/game_state.gd,903,PlayerExtensions.c,FILE_EXISTS_BODY_UNVERIFIED
sim/game_state.gd,917,PlayerExtensions.c,FILE_EXISTS_BODY_UNVERIFIED
sim/game_state.gd,941,PlayerExtensions.c,FILE_EXISTS_BODY_UNVERIFIED
sim/game_state.gd,961,PlayerExtensions.c,FILE_EXISTS_BODY_UNVERIFIED
sim/game_state.gd,985,GameController.c,FILE_EXISTS_BODY_UNVERIFIED
sim/game_state.gd,1021,GameController.c,FILE_EXISTS_BODY_UNVERIFIED
sim/game_state.gd,1037,PlayerExtensions.c,FILE_EXISTS_BODY_UNVERIFIED
sim/game_state.gd,1108,CostCondition.c,FILE_EXISTS_BODY_UNVERIFIED
sim/game_state.gd,1159,PlayerExtensions.c,FILE_EXISTS_BODY_UNVERIFIED
sim/game_state.gd,1160,GameController.c,FILE_EXISTS_BODY_UNVERIFIED
sim/game_state.gd,1170,RitePanelController.c,FILE_EXISTS_BODY_UNVERIFIED
sim/game_state.gd,1451,PlayerExtensions.c,FILE_EXISTS_BODY_UNVERIFIED
sim/game_state.gd,1451,RiteExtensions.c,FILE_EXISTS_BODY_UNVERIFIED
sim/game_state.gd,1466,PlayerExtensions.c,FILE_EXISTS_BODY_UNVERIFIED
sim/game_state.gd,1633,PlayerExtensions.c,FILE_EXISTS_BODY_UNVERIFIED
sim/game_state.gd,1642,PlayerExtensions.c,FILE_EXISTS_BODY_UNVERIFIED
sim/game_state.gd,1702,RitePanelController.c,FILE_EXISTS_BODY_UNVERIFIED
sim/game_state.gd,1718,RiteExtensions.c,FILE_EXISTS_BODY_UNVERIFIED
sim/game_state.gd,1743,PlayerExtensions.c,FILE_EXISTS_BODY_UNVERIFIED
sim/game_state.gd,1747,CleanRite.c,FILE_EXISTS_BODY_UNVERIFIED
sim/game_state.gd,1764,FuncCompare.c,FILE_EXISTS_BODY_UNVERIFIED
sim/game_state.gd,1796,HasTagTips.c,FILE_EXISTS_BODY_UNVERIFIED
sim/game_state.gd,1936,PlayerExtensions.c,FILE_EXISTS_BODY_UNVERIFIED
sim/game_state.gd,1937,GameController.c,FILE_EXISTS_BODY_UNVERIFIED
sim/game_state.gd,1963,DelayOff.c,FILE_EXISTS_BODY_UNVERIFIED
sim/game_state.gd,1970,DelayOff.c,FILE_EXISTS_BODY_UNVERIFIED
sim/game_state.gd,1996,EventOn.__c__DisplayClass2_0.c,FILE_EXISTS_BODY_UNVERIFIED
sim/game_state.gd,1997,EventTrigger.c,FILE_EXISTS_BODY_UNVERIFIED
sim/game_state.gd,2015,EventOff.c,FILE_EXISTS_BODY_UNVERIFIED
sim/game_state.gd,2027,EventTrigger.__c__DisplayClass4_0.c,FILE_EXISTS_BODY_UNVERIFIED
sim/game_state.gd,2081,EventTrigger.c,FILE_EXISTS_BODY_UNVERIFIED
sim/global_extensions.gd,11,GlobalExtensions.c,FILE_EXISTS_BODY_UNVERIFIED
sim/global_extensions.gd,60,GlobalExtensions.c,FILE_EXISTS_BODY_UNVERIFIED
sim/global_extensions.gd,81,GlobalExtensions.c,FILE_EXISTS_BODY_UNVERIFIED
sim/global_state.gd,9,Global.c,FILE_EXISTS_BODY_UNVERIFIED
sim/global_state.gd,43,PointShopController.c,FILE_EXISTS_BODY_UNVERIFIED
sim/methinks.gd,4,GameController.c,FILE_EXISTS_BODY_UNVERIFIED
sim/methinks.gd,5,ThinkController.c,FILE_EXISTS_BODY_UNVERIFIED
sim/methinks.gd,6,GameEventSender.c,FILE_EXISTS_BODY_UNVERIFIED
sim/methinks.gd,47,ThinkController.c,FILE_EXISTS_BODY_UNVERIFIED
sim/operation_filter.gd,2,OperationFilter.c,FILE_EXISTS_BODY_UNVERIFIED
sim/operation_filter.gd,52,OperationFilter.c,FILE_EXISTS_BODY_UNVERIFIED
sim/operation_filter.gd,52,SudanPoolModifyTag.c,FILE_EXISTS_BODY_UNVERIFIED
sim/original_save_importer.gd,23,PlayerExtensions.c,FILE_EXISTS_BODY_UNVERIFIED
sim/original_save_schema.gd,88,GenCoin.c,FILE_EXISTS_BODY_UNVERIFIED
sim/result.gd,102,GenCoin.c,FILE_EXISTS_BODY_UNVERIFIED
sim/result.gd,114,GenCard.c,FILE_EXISTS_BODY_UNVERIFIED
sim/result.gd,128,GenCard.c,FILE_EXISTS_BODY_UNVERIFIED
sim/result.gd,134,ChangeCard.c,FILE_EXISTS_BODY_UNVERIFIED
sim/result.gd,134,ChangeCard.__c__DisplayClass4_0.c,MISSING_FILE_NEEDS_REVIEW
sim/result.gd,160,AddSudanCard.c,FILE_EXISTS_BODY_UNVERIFIED
sim/result.gd,160,PlayerExtensions.c,FILE_EXISTS_BODY_UNVERIFIED
sim/result.gd,170,ChooseOperations.c,FILE_EXISTS_BODY_UNVERIFIED
sim/result.gd,197,AllOperations.c,FILE_EXISTS_BODY_UNVERIFIED
sim/result.gd,210,NoPromptOperations.c,FILE_EXISTS_BODY_UNVERIFIED
sim/result.gd,215,SleepOperation.c,FILE_EXISTS_BODY_UNVERIFIED
sim/result.gd,223,CleanRite.c,FILE_EXISTS_BODY_UNVERIFIED
sim/result.gd,250,CleanSlot.c,FILE_EXISTS_BODY_UNVERIFIED
sim/result.gd,251,__c__DisplayClass4_0.c,MISSING_FILE_NEEDS_REVIEW
sim/result.gd,286,RebirthSudanCard.c,FILE_EXISTS_BODY_UNVERIFIED
sim/result.gd,288,GameController.c,FILE_EXISTS_BODY_UNVERIFIED
sim/result.gd,302,GameController.c,FILE_EXISTS_BODY_UNVERIFIED
sim/result.gd,329,ChangeCardName.c,FILE_EXISTS_BODY_UNVERIFIED
sim/result.gd,364,CopyCard.c,FILE_EXISTS_BODY_UNVERIFIED
sim/result.gd,370,DelayOff.c,FILE_EXISTS_BODY_UNVERIFIED
sim/result.gd,383,HandCardRefresh.c,FILE_EXISTS_BODY_UNVERIFIED
sim/result.gd,390,EnableAutoGenSudanCard.c,FILE_EXISTS_BODY_UNVERIFIED
sim/result.gd,391,__c__DisplayClass141_0.c,MISSING_FILE_NEEDS_REVIEW
sim/result.gd,418,SetDifficulty.c,FILE_EXISTS_BODY_UNVERIFIED
sim/result.gd,419,DifficultyPanelController.c,FILE_EXISTS_BODY_UNVERIFIED
sim/result.gd,432,MagicSudan.c,FILE_EXISTS_BODY_UNVERIFIED
sim/result.gd,440,BeginGuide.c,FILE_EXISTS_BODY_UNVERIFIED
sim/result.gd,440,CloseBeginGuide.c,FILE_EXISTS_BODY_UNVERIFIED
sim/result.gd,441,BeginGuideController.c,FILE_EXISTS_BODY_UNVERIFIED
sim/result.gd,453,CloseBox.c,FILE_EXISTS_BODY_UNVERIFIED
sim/result.gd,453,CloseDeadline.c,FILE_EXISTS_BODY_UNVERIFIED
sim/result.gd,454,CloseHelpBtn.c,FILE_EXISTS_BODY_UNVERIFIED
sim/result.gd,454,ClosePrestige.c,FILE_EXISTS_BODY_UNVERIFIED
sim/result.gd,455,CloseStory.c,FILE_EXISTS_BODY_UNVERIFIED
sim/result.gd,479,GameOver.c,FILE_EXISTS_BODY_UNVERIFIED
sim/result.gd,479,GameController.c,FILE_EXISTS_BODY_UNVERIFIED
sim/result.gd,489,DoBackToRoundBegin.c,FILE_EXISTS_BODY_UNVERIFIED
sim/result.gd,496,Confirm.c,FILE_EXISTS_BODY_UNVERIFIED
sim/result.gd,527,NoShowOperations.c,FILE_EXISTS_BODY_UNVERIFIED
sim/result.gd,542,SuccessOperations.c,FILE_EXISTS_BODY_UNVERIFIED
sim/result.gd,543,FailedOperations.c,FILE_EXISTS_BODY_UNVERIFIED
sim/result.gd,544,OperationContext.c,FILE_EXISTS_BODY_UNVERIFIED
sim/result.gd,559,DifficultyPanelController.c,FILE_EXISTS_BODY_UNVERIFIED
sim/result.gd,631,Option.c,FILE_EXISTS_BODY_UNVERIFIED
sim/result.gd,632,CaseOperations.c,FILE_EXISTS_BODY_UNVERIFIED
sim/result.gd,720,ModifyGlobalCounter.c,FILE_EXISTS_BODY_UNVERIFIED
sim/result.gd,801,OperationFilter.c,FILE_EXISTS_BODY_UNVERIFIED
sim/result.gd,895,PlayerExtensions.c,FILE_EXISTS_BODY_UNVERIFIED
sim/result.gd,896,GenCard.c,FILE_EXISTS_BODY_UNVERIFIED
sim/result.gd,918,CopyCard.__c__DisplayClass4_0.c,FILE_EXISTS_BODY_UNVERIFIED
sim/result.gd,1013,ModifyEquip.c,FILE_EXISTS_BODY_UNVERIFIED
sim/result.gd,1056,OperationFilter.c,FILE_EXISTS_BODY_UNVERIFIED
sim/result.gd,1224,CardExtensions.c,FILE_EXISTS_BODY_UNVERIFIED
sim/result.gd,1243,ModifyEquip.c,FILE_EXISTS_BODY_UNVERIFIED
sim/rite_instance.gd,5,StartRite.c,FILE_EXISTS_BODY_UNVERIFIED
sim/rite_open.gd,29,GameController.c,FILE_EXISTS_BODY_UNVERIFIED
sim/rite_resolver.gd,3,RiteResultPanelController.c,FILE_EXISTS_BODY_UNVERIFIED
sim/rite_resolver.gd,35,FuncCompare.c,FILE_EXISTS_BODY_UNVERIFIED
sim/round_loop.gd,23,GameController.c,FILE_EXISTS_BODY_UNVERIFIED
sim/round_loop.gd,31,GameController.c,FILE_EXISTS_BODY_UNVERIFIED
sim/round_loop.gd,43,GameController.__c__DisplayClass196_0.c,FILE_EXISTS_BODY_UNVERIFIED
sim/round_loop.gd,45,GameController.c,FILE_EXISTS_BODY_UNVERIFIED
sim/round_loop.gd,54,DisplayClass142_0.c,MISSING_FILE_NEEDS_REVIEW
sim/round_loop.gd,61,GameController.c,FILE_EXISTS_BODY_UNVERIFIED
sim/round_loop.gd,67,GameController.c,FILE_EXISTS_BODY_UNVERIFIED
sim/round_loop.gd,68,DisplayClass142_0.c,MISSING_FILE_NEEDS_REVIEW
sim/round_loop.gd,82,GameController.c,FILE_EXISTS_BODY_UNVERIFIED
sim/round_loop.gd,86,GameController.c,FILE_EXISTS_BODY_UNVERIFIED
sim/round_loop.gd,136,DatapoolExtensions.c,FILE_EXISTS_BODY_UNVERIFIED
sim/round_loop.gd,158,GameController.c,FILE_EXISTS_BODY_UNVERIFIED
sim/round_loop.gd,161,LoadController.c,FILE_EXISTS_BODY_UNVERIFIED
sim/round_loop.gd,166,GameController.c,FILE_EXISTS_BODY_UNVERIFIED
sim/round_loop.gd,197,DoBackToRoundBegin.c,FILE_EXISTS_BODY_UNVERIFIED
sim/round_loop.gd,197,DatapoolExtensions.c,FILE_EXISTS_BODY_UNVERIFIED
sim/round_loop.gd,222,GameController.c,FILE_EXISTS_BODY_UNVERIFIED
sim/round_loop.gd,224,PlayerExtensions.c,FILE_EXISTS_BODY_UNVERIFIED
sim/round_loop.gd,238,GameController.c,FILE_EXISTS_BODY_UNVERIFIED
sim/round_loop.gd,253,GameController.c,FILE_EXISTS_BODY_UNVERIFIED
sim/round_loop.gd,255,PlayerExtensions.c,FILE_EXISTS_BODY_UNVERIFIED
sim/round_loop.gd,266,GameController.c,FILE_EXISTS_BODY_UNVERIFIED
sim/round_loop.gd,278,GameController.c,FILE_EXISTS_BODY_UNVERIFIED
sim/round_loop.gd,334,DisplayClass141_0.c,MISSING_FILE_NEEDS_REVIEW
sim/round_loop.gd,335,DisplayClass142_0.c,MISSING_FILE_NEEDS_REVIEW
sim/round_loop.gd,364,GameController.c,FILE_EXISTS_BODY_UNVERIFIED
sim/round_loop.gd,373,GameController.c,FILE_EXISTS_BODY_UNVERIFIED
sim/round_loop.gd,386,DisplayClass142_0.c,MISSING_FILE_NEEDS_REVIEW
sim/round_loop.gd,395,GameController.__c__DisplayClass141_0.c,FILE_EXISTS_BODY_UNVERIFIED
sim/round_loop.gd,396,GameController.c,FILE_EXISTS_BODY_UNVERIFIED
sim/round_loop.gd,401,GameController.c,FILE_EXISTS_BODY_UNVERIFIED
sim/round_loop.gd,412,GameController.c,FILE_EXISTS_BODY_UNVERIFIED
sim/round_loop.gd,428,GameController.c,FILE_EXISTS_BODY_UNVERIFIED
sim/round_loop.gd,439,GameController.c,FILE_EXISTS_BODY_UNVERIFIED
sim/round_loop.gd,454,RiteExtensions.c,FILE_EXISTS_BODY_UNVERIFIED
sim/round_loop.gd,461,GameController.c,FILE_EXISTS_BODY_UNVERIFIED
sim/round_loop.gd,517,RiteResultPanelController.__c__DisplayClass56_0.c,FILE_EXISTS_BODY_UNVERIFIED
sim/round_loop.gd,568,RiteResultPanelController.c,FILE_EXISTS_BODY_UNVERIFIED
sim/round_loop.gd,569,CardExtensions.c,FILE_EXISTS_BODY_UNVERIFIED
sim/round_loop.gd,674,GameController.c,FILE_EXISTS_BODY_UNVERIFIED
sim/round_loop.gd,687,GameController.c,FILE_EXISTS_BODY_UNVERIFIED
sim/save_system.gd,46,DatapoolExtensions.c,FILE_EXISTS_BODY_UNVERIFIED
sim/save_system.gd,74,Datapool.c,FILE_EXISTS_BODY_UNVERIFIED
sim/save_system.gd,415,Datapool.c,FILE_EXISTS_BODY_UNVERIFIED
sim/save_system.gd,518,DatapoolExtensions.c,FILE_EXISTS_BODY_UNVERIFIED
sim/save_system.gd,556,Datapool.c,FILE_EXISTS_BODY_UNVERIFIED
sim/save_system.gd,606,UserArchiveController.__c__DisplayClass20_0.c,FILE_EXISTS_BODY_UNVERIFIED
sim/save_system.gd,656,Datapool.c,FILE_EXISTS_BODY_UNVERIFIED
sim/sudan_cards.gd,2,GameController.c,FILE_EXISTS_BODY_UNVERIFIED
sim/sudan_cards.gd,48,GameController.c,FILE_EXISTS_BODY_UNVERIFIED
core/counter.gd,3,ModifyCounter.c,FILE_EXISTS_BODY_UNVERIFIED
core/counter.gd,13,PlayerExtensions.c,FILE_EXISTS_BODY_UNVERIFIED
core/counter.gd,24,PlayerExtensions.c,FILE_EXISTS_BODY_UNVERIFIED
core/counter.gd,33,ModifyCounter.c,FILE_EXISTS_BODY_UNVERIFIED
core/dice.gd,3,FuncCompare.c,FILE_EXISTS_BODY_UNVERIFIED
core/loot.gd,3,GenLoot.c,FILE_EXISTS_BODY_UNVERIFIED
core/loot.gd,23,GenLoot.c,FILE_EXISTS_BODY_UNVERIFIED
core/loot.gd,43,GenLoot.c,FILE_EXISTS_BODY_UNVERIFIED
core/loot.gd,84,GenLoot.c,FILE_EXISTS_BODY_UNVERIFIED
core/scope_filter.gd,2,OperationFilter.c,FILE_EXISTS_BODY_UNVERIFIED
core/tag.gd,2,CardExtensions.c,FILE_EXISTS_BODY_UNVERIFIED
core/tag.gd,7,CardExtensions.c,FILE_EXISTS_BODY_UNVERIFIED
core/tag.gd,8,CardExtensions.c,FILE_EXISTS_BODY_UNVERIFIED
core/tag.gd,31,CardExtensions.c,FILE_EXISTS_BODY_UNVERIFIED
core/tag.gd,40,CardExtensions.c,FILE_EXISTS_BODY_UNVERIFIED
